n_clusters,inertia,selected
2,8.579614836751865,False
3,7.620839820553803,False
4,6.660406254627218,False
5,5.693789294355509,False
6,4.746375046024776,False
7,3.8050456665621972,False
8,2.869799335631541,False
9,2.0317143393925385,False
10,1.2618669827805677,False
11,0.5257881414402835,False
12,2.7151362803781803e-33,True
13,1.4151335679167961e-33,False
14,2.6000054249227684e-33,False
15,2.1666711874356403e-33,False
16,5.755484827854855e-34,False
17,3.388068592657538e-35,False
18,1.422142452983574e-34,False
19,3.013265157633729e-33,False
