n_components,holdout_rmse,explained_variance,selected
1,0.6401744788915974,0.06689842939643868,False
2,0.5813723077944526,0.3823268452628527,False
3,0.47515186529073644,0.577168707470966,False
4,0.44278746575419414,0.7147487531940212,False
5,0.3924446283818881,0.8142646990318475,True
6,0.458199876853806,0.8503532616894363,False
7,0.49168438994878116,0.8825170678800837,False
8,0.5319324756864313,0.906682122149108,False
9,0.5730727033010888,0.9283288396281955,False
10,0.6069095546711353,0.9445275553662084,False
11,0.6361378706333922,0.9576971605319708,False
12,0.6499839362885517,0.9675165614945637,False
13,0.6651753088128812,0.9748698043204724,False
14,0.6712978224688698,0.9814156584063283,False
15,0.6818170869343618,0.9872350669733114,False
16,0.6920363867980068,0.9925786182188846,False
17,0.6978218473662358,0.9959178365198057,False
18,0.7022896725002639,0.9977775507637285,False
19,0.7057495478035751,0.9994647483866048,False
