article_id,title
1,IBM Data Science Article 1
2,IBM Data Science Article 2
3,IBM Data Science Article 3
4,IBM Data Science Article 4
5,IBM Data Science Article 5
6,IBM Data Science Article 6
7,IBM Data Science Article 7
8,IBM Data Science Article 8
9,IBM Data Science Article 9
10,IBM Data Science Article 10
11,IBM Data Science Article 11
12,IBM Data Science Article 12
13,IBM Data Science Article 13
14,IBM Data Science Article 14
15,IBM Data Science Article 15
16,IBM Data Science Article 16
17,IBM Data Science Article 17
18,IBM Data Science Article 18
19,IBM Data Science Article 19
20,IBM Data Science Article 20
