article_id,doc_body
1,data science analytics machine learning topic 1 python cloud recommendations article 1
2,data science analytics machine learning topic 2 python cloud recommendations article 2
3,data science analytics machine learning topic 3 python cloud recommendations article 3
4,data science analytics machine learning topic 4 python cloud recommendations article 4
5,data science analytics machine learning topic 0 python cloud recommendations article 5
6,data science analytics machine learning topic 1 python cloud recommendations article 6
7,data science analytics machine learning topic 2 python cloud recommendations article 7
8,data science analytics machine learning topic 3 python cloud recommendations article 8
9,data science analytics machine learning topic 4 python cloud recommendations article 9
10,data science analytics machine learning topic 0 python cloud recommendations article 10
11,data science analytics machine learning topic 1 python cloud recommendations article 11
12,data science analytics machine learning topic 2 python cloud recommendations article 12
13,data science analytics machine learning topic 3 python cloud recommendations article 13
14,data science analytics machine learning topic 4 python cloud recommendations article 14
15,data science analytics machine learning topic 0 python cloud recommendations article 15
16,data science analytics machine learning topic 1 python cloud recommendations article 16
17,data science analytics machine learning topic 2 python cloud recommendations article 17
18,data science analytics machine learning topic 3 python cloud recommendations article 18
19,data science analytics machine learning topic 4 python cloud recommendations article 19
20,data science analytics machine learning topic 0 python cloud recommendations article 20
