user_id,article_id
1,4
1,5
1,11
1,12
1,18
1,19
2,1
2,2
2,8
2,9
2,15
2,16
3,5
3,6
3,12
3,13
3,19
3,20
4,2
4,3
4,9
4,10
4,16
4,17
5,6
5,7
5,13
5,14
5,20
6,3
6,4
6,10
6,11
6,17
6,18
7,1
7,7
7,8
7,14
7,15
8,4
8,5
8,11
8,12
8,18
8,19
9,1
9,2
9,8
9,9
9,15
9,16
10,5
10,6
10,12
10,13
10,19
10,20
11,2
11,3
11,9
11,10
11,16
11,17
12,6
12,7
12,13
12,14
12,20
13,3
13,4
13,10
13,11
13,17
13,18
14,1
14,7
14,8
14,14
14,15
15,4
15,5
15,11
15,12
15,18
15,19
16,1
16,2
16,8
16,9
16,15
16,16
17,5
17,6
17,12
17,13
17,19
17,20
18,2
18,3
18,9
18,10
18,16
18,17
19,6
19,7
19,13
19,14
19,20
20,3
20,4
20,10
20,11
20,17
20,18
21,1
21,7
21,8
21,14
21,15
22,4
22,5
22,11
22,12
22,18
22,19
23,1
23,2
23,8
23,9
23,15
23,16
24,5
24,6
24,12
24,13
24,19
24,20
25,2
25,3
25,9
25,10
25,16
25,17
26,6
26,7
26,13
26,14
26,20
27,3
27,4
27,10
27,11
27,17
27,18
28,1
28,7
28,8
28,14
28,15
29,4
29,5
29,11
29,12
29,18
29,19
30,1
30,2
30,8
30,9
30,15
30,16
